#Data operacji;#Data ksiêgowania;#Opis operacji;#Tytu³;#Nadawca/Odbiorca;#Numer konta;#Kwota;#Saldo po operacji;
15.06.2025;16.06.2025;PRZELEW PRZYCHODZ¥CY;WYNAGRODZENIE ZA CZERWIEC 2025 UMOWA NR 487/2024;DIGITAL SOLUTIONS SP. Z O.O. UL. MARSZA£KOWSKA 84/12 00-514 WARSZAWA;'68 1050 1025 1000 0097 0398 1275;8 500,00;12 340,67;
14.06.2025;14.06.2025;ZAKUP PRZY U¯YCIU KARTY;¯ABKA Z5841 KRAKÓW;;;;;-14,80;3 840,67;
13.06.2025;13.06.2025;PRZELEW WYCHODZ¥CY;CZYNSZ LIPIEC 2025 M-14;NOVA DEVELOPMENT; SP. Z O.O. UL. MOGILSKA 43 31-545 KRAKÓW;'51 1140 2004 0000 3102 7618 4523;-2 100,00;3 855,47;
12.06.2025;12.06.2025;ZLECENIE STA£E;INTERNET ŒWIAT£OWÓD NR KLIENTA KR-884712;NETIA S.A.;'90 1750 0009 0000 0000 2136 4870;-89,00;5 955,47;
11.06.2025;12.06.2025;PRZELEW WYCHODZ¥CY;ZWROT ZA KOLACJÊ DLA PIOTR ZIELIÑSKI;PIOTR ZIELIÑSKI;'15 1020 4900 0000 8502 3065 8412;-75,00;6 044,47;
10.06.2025;10.06.2025;BLIK;ALLEGRO *849172634;;;;;;-239,99;6 119,47;
09.06.2025;10.06.2025;PRZELEW PRZYCHODZ¥CY;ZA FAKTURÊ FV/2025/06/003 KONSULTACJE IT;MA£GORZATA KACZMAREK NIP 6781234567;'22 1160 2202 0000 0003 5748 1109;4 200,00;6 359,46;
07.06.2025;08.06.2025;ZAKUP PRZY U¯YCIU KARTY;CIRCLE K STACJA 2871 KRAKÓW POL;;;;;-187,43;2 159,46;
05-CZE-2025;05-CZE-2025;PRZELEW PODATKOWY;US-KRAKÓW-KROWODRZA PIT-5L ZA 05/2025 NIP 6791548723;URZ¥D SKARBOWY KRAKÓW-KROWODRZA;'87 1010 0055 0201 8170 0000 0000;-1 450,00;2 346,89;
03.06.2025;03.06.2025;WYP£ATA GOTÓWKI;BANKOMAT EURONET UL. FLORIAÑSKA 22 KRAKÓW;;;;;-300,00;3 796,89;
