Date,Type,Title,Amount,Balance
01/06/2025,INCOME,"Wynagrodzenie umowa zlec. 47/2025 KAMILA BRZOZOWSKA ul. Długa 8/3 Kraków NIP: 6793214587",6 200.00,14 520.33
2025-06-03,CARD,"żabka Z-4918 Kraków karta 5412****3398 godz.07:41",(8.50),14 511.83
03.06.25,TRANSFER,"MARIA BRZOZOWSKA ZWROT ZA PREZENT DLA KUBY iban PL 83 2490 0005 0000 4500 9283 7164",350.00,14 861.83
2025/06/05,BLIK,"Allegro.pl nr zam 9184726350 sprzedawca: jan_kowalski_shop",(189.99),14 671.84
06-06-2025,STANDING,"Czynsz + media cz. 2025 KAM.BRZOZOWSKA lokal M-7 SM HUTNIK REGON 120847563 kto 28 8591 0007 0022 0583 6190 0001",(2 350.00),12 321.84
2025.06.09,FEE,"Opłata za prowadzenie rachunku nr dowodu: ABS 847291 taryfa STANDARD",(15.00),12 306.84
10 Jun 2025,P2P,"Od: JAKUB BRZOZOWSKI +48602847193 ''zwrot za spotify family''",29.99,12 336.83
2025-06-14,CARD,"BOLT FOOD *RAMEN ICHIBAN krak, PL ref:BF-20250613-KBR-441 tip 5.00",(67.80),12 269.03
15/06/2025,TRANSFER,"Przelew na cel - wakacje Chorwacja 2025 na rach Kamila Brzozowska 41 1050 1445 1000 0092 1234 5678",(1 500.00),10 769.03
2025-06-20,ATM,"Wypłata bankomat Euronet #4871 Plac Wszystkich Świętych 3/4, 31-004 KRAKÓW limit dzienny: 3000",(800.00),9 969.03
