Date,Description,Amount,Balance,Currency
2025-06-01,Salary from TechCorp Ltd,8500.00,12340.67,EUR
2025-06-03,Lidl Store #2847,-112.47,12228.20,EUR
2025-06-05,"Rent payment - June 2025
Landlord: Schmidt & Müller GbR
Ref: MIETE-0625",-1 850.00,10378.20,EUR
2025-06-07,Amazon.de #304-778184,-47.99,10330.21,EUR
2025-06-09,Rewe Markt #4471  ,-23.80,10306.41,EUR
2025-06-11,"Transfer to savings","-3,000.00",7306.41,EUR
2025-06-14,DB Navigator - Monthly Pass,-89.00,7217.41,EUR
2025-06-16,Refund: Zalando Order #ZL-8849172,+52.90,7270.31,EUR
,,,7270.31,
2025-06-18,"Dinner – Restaurant ""Zur Alten Post""",-67.50,7202.81,EUR
2025-06-20,Spotify Family,‒14.99,7187.82,EUR
2025-06-22,ATM Withdrawal - Sparkasse,-200.00,6987.82,EUR  
2025-06-25,Electricity - E.ON SE Q2/2025,-187,43,6800.39,EUR
2025-06-27,Freelance Invoice #2025-019,+2 750.00,9550.39,EUR
2025-06-30,Account Fee (Kontoführung),-4.90,9545.49,EUR
